{"name":"1ac67e2c-a8b6-45d2-95e0-b1ed4305f82d","id":"/providers/Microsoft.Flow/flows/1ac67e2c-a8b6-45d2-95e0-b1ed4305f82d","type":"Microsoft.Flow/flows","properties":{"apiId":"/providers/Microsoft.PowerApps/apis/shared_logicflows","displayName":"Template - Automated Jamf Pro macOS Upgrades Flow","definition":{"metadata":{"workflowEntityId":null,"processAdvisorMetadata":null,"flowclientsuspensionreason":"None","flowclientsuspensiontime":null,"flowclientsuspensionreasondetails":null,"creator":{"id":"aa74322d-53f5-4b8c-af58-13af68e1ef71","type":"User","tenantId":"6c637512-c417-4e78-9d62-b61258e4b619"},"provisioningMethod":"FromDefinition","failureAlertSubscription":true,"clientLastModifiedTime":"2022-08-22T21:59:27.1786166Z"},"$schema":"https://schema.management.azure.com/providers/Microsoft.Logic/schemas/2016-06-01/workflowdefinition.json#","contentVersion":"1.0.0.0","parameters":{"$authentication":{"defaultValue":{},"type":"SecureObject"}},"triggers":{"manual":{"metadata":{"operationMetadataId":"3f35f437-7826-44ae-a24a-463cda0eb4e2"},"type":"Request","kind":"Http","inputs":{"schema":{"type":"object","properties":{"event":{"type":"object","properties":{"computer":{"type":"boolean"},"groupAddedDevices":{"type":"array"},"groupAddedDevicesIds":{"type":"array"},"groupRemovedDevices":{"type":"array"},"groupRemovedDevicesIds":{"type":"array","items":{"type":"string"}},"jssid":{"type":"string"},"name":{"type":"string"},"smartGroup":{"type":"string"}}},"webhook":{"type":"object","properties":{"eventTimestamp":{"type":"string"},"id":{"type":"string"},"name":{"type":"string"},"webhookEvent":{"type":"string"}}}}},"method":"POST"}}},"actions":{"Jamf_Pro_URL":{"runAfter":{},"metadata":{"operationMetadataId":"299ddeac-a97f-40df-a467-130f5fafdffb"},"type":"InitializeVariable","inputs":{"variables":[{"name":"jamfProURL","type":"string","value":"https://imadev.jamfcloud.com"}]}},"Jamf_Pro_Username":{"runAfter":{"Jamf_Pro_URL":["Succeeded"]},"metadata":{"operationMetadataId":"1c055a01-45bc-4cf7-813f-e6bbf504d18c"},"type":"InitializeVariable","inputs":{"variables":[{"name":"apiUsername","type":"string","value":"api_PowerAutomate"}]}},"Jamf_Pro_Password":{"runAfter":{"Jamf_Pro_Username":["Succeeded"]},"metadata":{"operationMetadataId":"ee41f9a2-ca8d-4ff4-8ae3-285d8c1243c0"},"type":"InitializeVariable","inputs":{"variables":[{"name":"apiPassword","type":"string","value":"V6#w9zJzh2jVVG@&"}]}},"GenerateBearerToken":{"runAfter":{"Jamf_Pro_Password":["Succeeded"]},"metadata":{"operationMetadataId":"cb0473c0-d544-4124-95fb-f7f9b4726b92"},"type":"Http","inputs":{"method":"POST","uri":"@{variables('jamfProURL')}/api/v1/auth/token","authentication":{"type":"Basic","username":"@variables('apiUsername')","password":"@variables('apiPassword')"}}},"BearerToken":{"runAfter":{"GenerateBearerToken":["Succeeded"]},"metadata":{"operationMetadataId":"16d73aa0-772e-4c7f-b222-58c56d9a5122"},"type":"InitializeVariable","inputs":{"variables":[{"name":"BearerToken","type":"string","value":"@{body('GenerateBearerToken')['Token']}"}]}},"For_Each_Computer_ID":{"foreach":"@triggerBody()?['event']?['groupAddedDevicesIds']","actions":{"Send_macOS_Upgrade":{"runAfter":{},"metadata":{"operationMetadataId":"714a2a64-47d6-41a5-9740-6031fdb8d650"},"type":"Http","inputs":{"method":"POST","uri":"@{variables('jamfProURL')}/api/v1/macos-managed-software-updates/send-updates","headers":{"Accept":"application/json","Authorization":"Bearer @{variables('BearerToken')}"},"body":{"deviceIds":["@items('For_Each_Computer_ID')"],"updateAction":"DOWNLOAD_AND_INSTALL","skipVersionVerification":"false","applyMajorUpdate":"true"}}}},"runAfter":{"BearerToken":["Succeeded"]},"metadata":{"operationMetadataId":"c37ee5f7-3945-4393-b810-7ff5f0a07963"},"type":"Foreach"},"Invalidate_Bearer_Token":{"runAfter":{"For_Each_Computer_ID":["Succeeded"]},"metadata":{"operationMetadataId":"87cb05cb-c8d1-4ac1-ac1a-7cc34575ebfe"},"type":"Http","inputs":{"method":"POST","uri":"@{variables('jamfProURL')}/api/v1/auth/invalidate-token","headers":{"Accept":"application/json","Authorization":"Bearer @{variables('BearerToken')}"}}}},"outputs":{}},"connectionReferences":{},"flowFailureAlertSubscribed":false,"isManaged":false}}