{"name":"2a94a1e3-7afe-49e9-9ef7-d67f995ced03","id":"/providers/Microsoft.Flow/flows/2a94a1e3-7afe-49e9-9ef7-d67f995ced03","type":"Microsoft.Flow/flows","properties":{"apiId":"/providers/Microsoft.PowerApps/apis/shared_logicflows","displayName":"Template - Automated Jamf Pro macOS Updates Flow","definition":{"metadata":{"workflowEntityId":null,"processAdvisorMetadata":null,"flowclientsuspensionreason":"None","flowclientsuspensiontime":null,"flowclientsuspensionreasondetails":null,"creator":{"id":"aa74322d-53f5-4b8c-af58-13af68e1ef71","type":"User","tenantId":"6c637512-c417-4e78-9d62-b61258e4b619"},"provisioningMethod":"FromDefinition","failureAlertSubscription":true,"clientLastModifiedTime":"2022-08-22T21:31:35.576099Z"},"$schema":"https://schema.management.azure.com/providers/Microsoft.Logic/schemas/2016-06-01/workflowdefinition.json#","contentVersion":"1.0.0.0","parameters":{"$authentication":{"defaultValue":{},"type":"SecureObject"}},"triggers":{"manual":{"metadata":{"operationMetadataId":"3f35f437-7826-44ae-a24a-463cda0eb4e2"},"type":"Request","kind":"Http","inputs":{"schema":{"type":"object","properties":{"event":{"type":"object","properties":{"computer":{"type":"boolean"},"groupAddedDevices":{"type":"array"},"groupAddedDevicesIds":{"type":"array"},"groupRemovedDevices":{"type":"array"},"groupRemovedDevicesIds":{"type":"array","items":{"type":"string"}},"jssid":{"type":"string"},"name":{"type":"string"},"smartGroup":{"type":"string"}}},"webhook":{"type":"object","properties":{"eventTimestamp":{"type":"string"},"id":{"type":"string"},"name":{"type":"string"},"webhookEvent":{"type":"string"}}}}},"method":"POST"}}},"actions":{"Jamf_Pro_URL":{"runAfter":{},"metadata":{"operationMetadataId":"299ddeac-a97f-40df-a467-130f5fafdffb"},"type":"InitializeVariable","inputs":{"variables":[{"name":"jamfProURL","type":"string"}]}},"Jamf_Pro_Username":{"runAfter":{"Jamf_Pro_URL":["Succeeded"]},"metadata":{"operationMetadataId":"1c055a01-45bc-4cf7-813f-e6bbf504d18c"},"type":"InitializeVariable","inputs":{"variables":[{"name":"apiUsername","type":"string"}]}},"Jamf_Pro_Password":{"runAfter":{"Jamf_Pro_Username":["Succeeded"]},"metadata":{"operationMetadataId":"ee41f9a2-ca8d-4ff4-8ae3-285d8c1243c0"},"type":"InitializeVariable","inputs":{"variables":[{"name":"apiPassword","type":"string"}]}},"GenerateBearerToken":{"runAfter":{"softwareUpdatesArray":["Succeeded"]},"metadata":{"operationMetadataId":"cb0473c0-d544-4124-95fb-f7f9b4726b92"},"type":"Http","inputs":{"method":"POST","uri":"@{variables('jamfProURL')}/api/v1/auth/token","authentication":{"type":"Basic","username":"@variables('apiUsername')","password":"@variables('apiPassword')"}}},"BearerToken":{"runAfter":{"GenerateBearerToken":["Succeeded"]},"metadata":{"operationMetadataId":"16d73aa0-772e-4c7f-b222-58c56d9a5122"},"type":"InitializeVariable","inputs":{"variables":[{"name":"BearerToken","type":"string","value":"@{body('GenerateBearerToken')['Token']}"}]}},"For_Each_Computer_ID":{"foreach":"@triggerBody()?['event']?['groupAddedDevicesIds']","actions":{"GetComputerDetails":{"runAfter":{},"metadata":{"operationMetadataId":"5e94d9fb-05f1-4d95-9393-6694f20f7e31"},"type":"Http","inputs":{"method":"GET","uri":"@{variables('jamfProURL')}/api/v1/computers-inventory/@{items('For_Each_Computer_ID')}?section=SOFTWARE_UPDATES","headers":{"Accept":"application/json","Authorization":"Bearer @{variables('BearerToken')}"}}},"Send_macOS_Update":{"runAfter":{"For_each_available_software_update":["Succeeded"]},"metadata":{"operationMetadataId":"714a2a64-47d6-41a5-9740-6031fdb8d650"},"type":"Http","inputs":{"method":"POST","uri":"@{variables('jamfProURL')}/api/v1/macos-managed-software-updates/send-updates","headers":{"Accept":"application/json","Authorization":"Bearer @{variables('BearerToken')}"},"body":{"deviceIds":["@items('For_Each_Computer_ID')"],"updateAction":"DOWNLOAD_AND_INSTALL","version":"@{variables('updateVersion')}","applyMajorUpdate":"true"}}},"Get_Available_Software_Updates":{"runAfter":{"GetComputerDetails":["Succeeded"]},"metadata":{"operationMetadataId":"caf48a3f-aaaa-4455-9080-de8f8f7e3710"},"type":"ParseJson","inputs":{"content":"@body('GetComputerDetails')","schema":{"type":"object","properties":{"id":{"type":"string"},"udid":{"type":"string"},"general":{},"diskEncryption":{},"localUserAccounts":{},"purchasing":{},"printers":{},"storage":{},"applications":{},"userAndLocation":{},"configurationProfiles":{},"services":{},"plugins":{},"hardware":{},"certificates":{},"attachments":{},"packageReceipts":{},"fonts":{},"security":{},"operatingSystem":{},"licensedSoftware":{},"softwareUpdates":{"type":"array","items":{"type":"object","properties":{"name":{"type":"string"},"packageName":{"type":"string"},"version":{"type":"string"},"packagename":{"type":"string"}},"required":["name","version"]}},"groupMemberships":{},"extensionAttributes":{},"contentCaching":{},"ibeacons":{}}}}},"For_each_available_software_update":{"foreach":"@body('Get_Available_Software_Updates')?['softwareUpdates']","actions":{"Append_to_software_updates_array":{"runAfter":{},"metadata":{"operationMetadataId":"1194eb28-5a73-4fcf-9040-aeea5c44bf5c"},"type":"AppendToArrayVariable","inputs":{"name":"softwareUpdatesArray","value":"@{items('For_each_available_software_update')?['name']},@{items('For_each_available_software_update')?['version']}"}},"Condition":{"actions":{"Set_variable":{"runAfter":{},"metadata":{"operationMetadataId":"85c08d33-8083-4073-ac59-35ff91ecee47"},"type":"SetVariable","inputs":{"name":"updateVersion","value":"@items('For_each_available_software_update')?['version']"}}},"runAfter":{"Append_to_software_updates_array":["Succeeded"]},"expression":{"contains":["@items('For_each_available_software_update')?['name']","macOS"]},"metadata":{"operationMetadataId":"ff18545b-f9d6-4b77-93b5-a30e592e2808"},"type":"If"}},"runAfter":{"Get_Available_Software_Updates":["Succeeded"]},"metadata":{"operationMetadataId":"39d8383a-29c3-464b-aadc-7947ae76cc4c"},"type":"Foreach"}},"runAfter":{"BearerToken":["Succeeded"]},"metadata":{"operationMetadataId":"c37ee5f7-3945-4393-b810-7ff5f0a07963"},"type":"Foreach"},"updateVersion":{"runAfter":{"Jamf_Pro_Password":["Succeeded"]},"metadata":{"operationMetadataId":"af6826bc-6e68-4732-b70d-6d78ee4ac680"},"type":"InitializeVariable","inputs":{"variables":[{"name":"updateVersion","type":"string"}]}},"Invalidate_Bearer_Token":{"runAfter":{"For_Each_Computer_ID":["Succeeded"]},"metadata":{"operationMetadataId":"87cb05cb-c8d1-4ac1-ac1a-7cc34575ebfe"},"type":"Http","inputs":{"method":"POST","uri":"@{variables('jamfProURL')}/api/v1/auth/invalidate-token","headers":{"Accept":"application/json","Authorization":"Bearer @{variables('BearerToken')}"}}},"softwareUpdatesArray":{"runAfter":{"updateVersion":["Succeeded"]},"metadata":{"operationMetadataId":"ee9a25d2-7d46-43ac-bdb8-f3cc18919632"},"type":"InitializeVariable","inputs":{"variables":[{"name":"softwareUpdatesArray","type":"array"}]}}},"outputs":{}},"connectionReferences":{},"flowFailureAlertSubscribed":false,"isManaged":false}}